RA,Dec
130.53088537640855,-17.579765332179115
130.5297384813394,-17.579765468604148
130.52859158625174,-17.579765598419083
130.52744469114648,-17.57976572162392
130.52629779602458,-17.579765838218687
130.52515090088693,-17.57976594820332
130.52400400573444,-17.579766051577884
130.52285711056803,-17.579766148342323
130.5217102153886,-17.579766238496674
130.5205633201971,-17.579766322040925
130.5194164249945,-17.57976639897508
130.5182695297816,-17.57976646929914
130.51712263455943,-17.579766533013103
130.5159757393288,-17.57976659011695
130.51482884409074,-17.57976664061071
130.5136819488461,-17.579766684494377
130.51253505359583,-17.579766721767925
130.51138815834082,-17.57976675243138
130.510241263082,-17.57976677648473
130.50909436782032,-17.57976679392799
130.50794747255668,-17.579766804761153
130.50680057729198,-17.579766808984186
130.50565368202714,-17.579766806597146
130.5045067867631,-17.579766797600012
130.50335989150076,-17.579766781992763
130.50221299624107,-17.579766759775417
130.50106610098493,-17.579766730947966
130.49991924619368,-17.57867336430601
130.49991924619368,-17.57867336430601
130.49877235785058,-17.578673322261146
130.49762552377993,-17.57757994235052
130.49762557804547,-17.576486611037463
130.49762557804547,-17.576486611037463
130.496478703522,-17.576486555780615
130.49533182900672,-17.576486493914942
130.49418502947415,-17.57539309408363
130.4953319651474,-17.574299831136752
130.4953319651474,-17.574299831136752
130.49533203321647,-17.57320649966549
130.49533210128476,-17.572113168140454
130.49533210128476,-17.572113168140454
130.49418532935988,-17.571019768110695
130.49418532935988,-17.571019768110695
130.4930385712492,-17.569926361431705
130.4930385712492,-17.569926361431705
130.49189182695338,-17.568832948105573
130.49189191572546,-17.567739616388447
130.49189191572546,-17.567739616388447
130.49074519214642,-17.566646196373377
130.49074519214642,-17.566646196373377
130.48959848238343,-17.56555276971666
130.48959848238343,-17.56555276971666
130.48845167696197,-17.565552668265532
130.48730487155507,-17.565552560209987
130.48615818944307,-17.564459113719643
130.4873051043083,-17.56336589648661
130.4873051043083,-17.56336589648661
130.4873052206828,-17.56227256455465
130.48730533705591,-17.561179232576908
130.4873054534276,-17.560085900554192
130.4873054534276,-17.560085900554192
130.48615880581792,-17.55899245387293
130.48615892908845,-17.55789912177023
130.48615892908845,-17.55789912177023
130.48501217202647,-17.557899000562124
130.4838655520539,-17.556805540623905
130.4838655520539,-17.556805540623905
130.4827189459009,-17.555712074060363
130.48386582619312,-17.55461887624171
130.48501256253346,-17.55461900402572
130.48615929889112,-17.554619125209705
130.48615929889112,-17.554619125209705
130.48615929889112,-17.554619125209705
130.48501256253346,-17.55461900402572
130.48386582619312,-17.55461887624171
130.48271908987107,-17.55461874185768
130.48157250443785,-17.55352526864007
130.48271937780615,-17.552432077332494
130.48386610032577,-17.55243221169871
130.4850128228636,-17.552432339465756
130.48615954541881,-17.552432460633675
130.48615954541881,-17.552432460633675
130.48615966868041,-17.55133912828733
130.48615966868041,-17.55133912828733
130.4850130831875,-17.550245674751334
130.48501321334712,-17.549152342338196
130.48501321334712,-17.549152342338196
130.48386664857125,-17.54805888215565
130.48386664857125,-17.54805888215565
130.48271995365556,-17.5480587478251
130.48271995365556,-17.5480587478251
130.48157310789847,-17.549151939319756
130.48157310789847,-17.549151939319756
130.481572957036,-17.550245271706192
130.48042609059252,-17.551338456500833
130.47927937503428,-17.551338302347382
130.47813265949796,-17.55133814159522
130.47698594398446,-17.551337974244344
130.47583922849472,-17.551337800294775
130.47469251302968,-17.55133761974647
130.47354579759022,-17.551337432599464
130.47239908217725,-17.551337238853755
130.47125236679173,-17.551337038509335
130.47010565143458,-17.5513368315662
130.46895893610667,-17.551336618024347
130.46781222080895,-17.551336397883805
130.46666550554238,-17.551336171144534
130.46551903778638,-17.550242605634043
130.4666659866946,-17.549149506731503
130.4666659866946,-17.549149506731503
130.4666659866946,-17.549149506731503
130.4655195327346,-17.548055941178735
130.46551978020426,-17.546962608897527
130.46551978020426,-17.546962608897527
130.4643730926062,-17.546962369024524
130.46322666631005,-17.54586879027099
130.46322692757496,-17.544775457953577
130.46322718883673,-17.543682125603137
130.46322745009533,-17.542588793220457
130.46437436441238,-17.541495707194503
130.46437436441238,-17.541495707194503
130.46437436441238,-17.541495707194503
130.4632279726031,-17.540402128361524
130.4632279726031,-17.540402128361524
130.46208132647658,-17.54040187539535
130.46093468038572,-17.540401615834863
130.4597880343315,-17.54040134968004
130.45864167716474,-17.539307744526027
130.45864196601116,-17.53821441209212
130.45864225485414,-17.537121079629927
130.45864225485414,-17.537121079629927
130.4574956295762,-17.537120800342098
130.45634900433762,-17.537120514461247
130.45520237913934,-17.537120221987387
130.45405575398223,-17.537119922920528
130.45290912886725,-17.537119617260654
130.45176250379532,-17.537119305007778
130.4506162159064,-17.53602565381123
130.4506162159064,-17.53602565381123
130.4494695978232,-17.53602532839396
130.4483233307205,-17.53493166405043
130.44832368165095,-17.533838331690863
130.44832403257718,-17.532744999306217
130.44832403257718,-17.532744999306217
130.44717779310741,-17.53165132838481
130.4471781509247,-17.530557995974874
130.4471785087377,-17.529464663542253
130.44832543623986,-17.528371669532774
130.44832543623986,-17.528371669532774
130.44832578714497,-17.527278337034677
130.44832613804587,-17.52618500451627
130.44832613804587,-17.52618500451627
130.44717993994658,-17.525091333600773
130.44718029773807,-17.52399800106664
130.44718065552522,-17.522904668514595
130.44718101330807,-17.52181133594542
130.448327892487,-17.52071834164761
130.44947441393404,-17.520718673348842
130.45062093542688,-17.52071899846364
130.45062093542688,-17.52071899846364
130.45062127250506,-17.519625665796504
130.45062127250506,-17.519625665796504
130.4494747579109,-17.519625340703307
130.44832859423386,-17.518531676385898
130.44832894510097,-17.517438343733744
130.44832929596384,-17.516345011068452
130.44832929596384,-17.516345011068452
130.44718315991472,-17.515251340215563
130.44718315991472,-17.515251340215563
130.44603667305458,-17.51525099545605
130.44489055779218,-17.51415731149188
130.44603740235212,-17.51306433015776
130.44603740235212,-17.51306433015776
130.44603776699432,-17.51197099749329
130.44603776699432,-17.51197099749329
130.44489130087726,-17.511970646219606
130.44374483480962,-17.511970288362992
130.44259875412422,-17.5108765913212
130.44259875412422,-17.5108765913212
130.44145229505625,-17.510876220323397
130.4403058360405,-17.510875842743097
130.43915978309886,-17.50978212604504
130.44030663428188,-17.508689177613885
130.44145307950185,-17.508689555143963
130.44145307950185,-17.508689555143963
130.442599910092,-17.507596593467497
130.44374634851772,-17.507596957810115
130.44489278699376,-17.507597315571555
130.44603922551926,-17.507597666751813
130.44603922551926,-17.507597666751813
130.44603922551926,-17.507597666751813
130.44489315851172,-17.50650398289263
130.44489353002518,-17.505410650208532
130.44489390153421,-17.504317317520055
130.44489427303873,-17.503223984827994
130.44489427303873,-17.503223984827994
130.44374786215292,-17.503223627161727
130.44260145131744,-17.503223262916034
130.4414554327254,-17.502129559468766
130.4414554327254,-17.502129559468766
130.44030902889074,-17.50212918208933
130.43916303109117,-17.50103546555742
130.43916343706823,-17.49994213298274
130.43916384304038,-17.49884880040766
130.43916424900766,-17.49775546783298
130.43916465497009,-17.496662135259502
130.43916465497009,-17.496662135259502
130.43801869858245,-17.4955684123065
130.43801869858245,-17.4955684123065
130.43687233629223,-17.495568015348624
130.43572640070082,-17.494474279324955
130.4357268273386,-17.4933809468391
130.4357268273386,-17.4933809468391
130.43458047895447,-17.493380536783103
130.43343413062806,-17.493380120151635
130.43228822968268,-17.49228636454641
130.43343501147447,-17.491193455303915
130.43343501147447,-17.491193455303915
130.43343501147447,-17.491193455303915
130.43228912431144,-17.49009969976618
130.43228912431144,-17.49009969976618
130.43114325099535,-17.489005937717828
130.43114325099535,-17.489005937717828
130.4299973915268,-17.48791216916098
130.4299973915268,-17.48791216916098
130.42885154590653,-17.48681839409773
130.42885154590653,-17.48681839409773
130.42770523926066,-17.486817944768422
130.42655893267792,-17.48681748886627
130.42541311482609,-17.48572369421421
130.42541360348693,-17.484630362047106
130.42541409214192,-17.48353702989075
130.425414580791,-17.482443697745943
130.4254150694342,-17.481350365613473
130.42541555807153,-17.480257033494148
130.42541604670302,-17.479163701388764
130.4254165353286,-17.478070369298106
130.42541702394828,-17.47697703722297
130.42541751256212,-17.475883705164165
130.4265642318362,-17.47479083525872
130.42771046256644,-17.474791290826925
130.42771046256644,-17.474791290826925
130.4288571612764,-17.47369840771227
130.43000338523692,-17.47369885011494
130.43114960925874,-17.473699285950023
130.43114960925874,-17.473699285950023
130.43115006337945,-17.47260595379537
130.43115006337945,-17.47260595379537
130.43000430726295,-17.47151218588322
130.43000476826765,-17.470418853797426
130.43115142570875,-17.46932595745163
130.43115142570875,-17.46932595745163
130.43229806941517,-17.468233054504225
130.43229806941517,-17.468233054504225
130.43229851661386,-17.467139722426477
130.43229896380717,-17.466046390372203
130.43229941099509,-17.464953058342225
130.43229941099509,-17.464953058342225
130.4311532420713,-17.464952629303596
130.43000753417937,-17.463858861753632
130.43000799514525,-17.462765529832268
130.43000799514525,-17.462765529832268
130.42886230798663,-17.461671755859214
130.4288627758356,-17.460578424021477
130.4300093780096,-17.4594855342314
130.4300093780096,-17.4594855342314
130.4300098389533,-17.45839220242152
130.43001029989148,-17.457298870641495
130.43115687453425,-17.456205974262485
130.43115687453425,-17.456205974262485
130.43115687453425,-17.456205974262485
130.43001122175113,-17.455112207174203
130.43001168267264,-17.454018875488533
130.43115823661773,-17.452925979119144
130.43115823661773,-17.452925979119144
130.43115823661773,-17.452925979119144
130.43001260449907,-17.451832212217138
130.43115914464607,-17.450739315858126
130.43115914464607,-17.450739315858126
130.43230567106127,-17.44964641291851
130.43230567106127,-17.44964641291851
130.43345218374387,-17.44855350340036
130.43459824937784,-17.44855391889483
130.43459824937784,-17.44855391889483
130.43574474149173,-17.44746099621546
130.43574474149173,-17.44746099621546
130.43574516790886,-17.446367664636988
130.43574559432088,-17.445274333097128
130.43689205890382,-17.444181403868647
130.4380380971357,-17.444181799584847
130.4380380971357,-17.444181799584847
130.4380385097517,-17.443088468071338
130.43803892236275,-17.441995136598848
130.43918535257725,-17.440902194250622
130.44033137023962,-17.440902576778598
130.44033137023962,-17.440902576778598
130.4414777798783,-17.439809621287395
130.44262379075326,-17.439809990681756
130.44376980167942,-17.43981035352208
130.4449158126559,-17.439810709808363
130.44606182368176,-17.43981105954061
130.44720783475609,-17.439811402718803
130.44835384587796,-17.43981173934295
130.44835384587796,-17.43981173934295
130.44950020071724,-17.438718737828257
130.44950020071724,-17.438718737828257
130.4506465418131,-17.43762572976049
130.4506465418131,-17.43762572976049
130.45179286916485,-17.436532715141777
130.4529388597904,-17.43653302548755
130.4540848504589,-17.436533329280586
130.45523084116945,-17.436533626520873
130.45637683192115,-17.43653391720844
130.45752282271306,-17.436534201343243
130.45866881354425,-17.436534478925307
130.45981480441387,-17.436534749954646
130.46096079532091,-17.436535014431243
130.46210678626454,-17.43653527235508
130.46325277724375,-17.436535523726164
130.46439876825772,-17.436535768544527
130.4655447593055,-17.436536006810133
130.4666907503861,-17.436536238522983
130.4678365081144,-17.437629795471842
130.4678365081144,-17.437629795471842
130.46898227965582,-17.43872334594216
130.46898227965582,-17.43872334594216
130.47012828461445,-17.43872355802509
130.47127428960232,-17.438723763554393
130.47242029461847,-17.438723962530084
130.47356629966202,-17.43872415495213
130.474712304732,-17.438724340820556
130.47585830982757,-17.438724520135338
130.47700431494775,-17.438724692896507
130.47700431494775,-17.438724692896507
130.47815049144646,-17.437631527154643
130.4792964897207,-17.437631686797886
130.48044248801676,-17.43763183988793
130.48158833565645,-17.43872531840487
130.48158833565645,-17.43872531840487
130.48273434088603,-17.438725458397865
130.48388034613473,-17.438725591837247
130.48502635140164,-17.438725718723003
130.48617235668587,-17.438725839055106
130.48731836198644,-17.43872595283358
130.48846425797868,-17.439819392132215
130.48846414865355,-17.440912724249408
130.48846414865355,-17.440912724249408
130.48961016776934,-17.44091282493407
130.4907560913578,-17.442006251237014
130.4907560913578,-17.442006251237014
130.49190211739267,-17.442006338818487
130.49304806168283,-17.443099752070896
130.49190194009296,-17.444193003300402
130.49190194009296,-17.444193003300402
130.4919018514415,-17.4452863356021
130.49075570918234,-17.446379580338316
130.49075570918234,-17.446379580338316
130.49075570918234,-17.446379580338316
130.4919016741354,-17.447473000322912
130.4919016741354,-17.447473000322912
130.49304765288554,-17.448566413799426
130.49304765288554,-17.448566413799426
130.49419372030118,-17.448566488300834
130.49533971975106,-17.449659888714166
130.49533971975106,-17.449659888714166
130.49648579407904,-17.449659950104532
130.49763181422534,-17.450753337450355
130.49763181422534,-17.450753337450355
130.49877789546207,-17.4507533857279
130.49992397670508,-17.450753427447015
130.50107002444344,-17.451846795164922
130.50106999093302,-17.452940127756833
130.50106999093302,-17.452940127756833
130.5022160859729,-17.452940156362853
130.5033621810163,-17.452940178409538
130.50450827606238,-17.45294019389691
130.50565436517388,-17.454033535455697
130.50565436517388,-17.454033535455697
130.50680046711608,-17.454033537824564
130.50794657690926,-17.45512686629732
130.50794657690926,-17.45512686629732
130.509092685744,-17.45512685554597
130.51023881621563,-17.45622017092842
130.51023883785473,-17.457313503653943
130.51023883785473,-17.457313503653943
130.51138496047236,-17.457313479778964
130.5125311185135,-17.45840678209546
130.5125311185135,-17.45840678209546
130.51367724801656,-17.458406745095854
130.514823377514,-17.45840670153476
130.5159695070049,-17.458406651412115
130.51711563648834,-17.458406594728
130.5182617659634,-17.458406531482353
130.51940789542914,-17.458406461675178
130.5205540248847,-17.45840638530649
130.52170024490928,-17.45949963512671
130.52170033549058,-17.460592967906177
130.52170042607298,-17.46168630071389
130.52170051665644,-17.46277963354913
130.52170051665644,-17.46277963354913
130.52284667366553,-17.46277954403352
130.52399283066163,-17.462779447954684
130.52513909891158,-17.463872678155237
130.52513921018064,-17.46496601102379
130.52513932145104,-17.46605934391741
130.52513932145104,-17.46605934391741
130.52628561726826,-17.467152567600813
130.52513954399586,-17.46824600977675
130.52513954399586,-17.46824600977675
130.52513954399586,-17.46824600977675
130.5262858536053,-17.469339233491763
130.52513976654606,-17.470432675726837
130.52399356130138,-17.470432778416882
130.52399356130138,-17.470432778416882
130.52399366568352,-17.47152611143082
130.52399366568352,-17.47152611143082
130.5251399891016,-17.47261934176135
130.5251399891016,-17.47261934176135
130.52628632629643,-17.47371256553007
130.52628632629643,-17.47371256553007
130.52743267726729,-17.47480578273487
130.52743280234034,-17.475899115803422
130.52743280234034,-17.475899115803422
130.52857904201352,-17.475898993373626
130.52972528166916,-17.475898864375303
130.5308715213063,-17.47589872880848
130.53201776092405,-17.475898586673136
130.53316400052148,-17.475898437969292
130.5343102400977,-17.475898282696928
130.53545647965177,-17.475898120856044
130.53545647965177,-17.475898120856044
130.5366025389473,-17.474804619455618
130.53774877155905,-17.474804444489376
130.5388951981719,-17.475897595922344
130.5388951981719,-17.475897595922344
130.5400414376282,-17.475897407807423
130.5411878848769,-17.47699054608288
130.54118809269855,-17.47808387905809
130.54118809269855,-17.47808387905809
130.5423343458913,-17.478083677779335
130.5434808206707,-17.479176802894678
130.5434810422886,-17.480270135872903
130.54348126390914,-17.481363468865055
130.54348126390914,-17.481363468865055
130.54462753773072,-17.48136325440468
130.54577404693669,-17.482456366349886
130.54577404693669,-17.482456366349886
130.54692056990584,-17.48354947170643
130.54692056990584,-17.48354947170643
130.5480671066375,-17.48464257047219
130.54806735585288,-17.485735903452355
130.54806735585288,-17.485735903452355
130.54921391324547,-17.48682899561915
130.54921416936307,-17.487922328602394
130.5492144254837,-17.48901566159401
130.54921468160748,-17.490108994593182
130.54921493773432,-17.491202327599133
130.54921493773432,-17.491202327599133
130.55036127345977,-17.491202080137015
130.5515078790732,-17.492295159078814
130.55150814899943,-17.493388492062522
130.55150814899943,-17.493388492062522
130.5526547752733,-17.494481564387197
130.5526550521028,-17.49557489736153
130.55265532893566,-17.49666823033865
130.55265560577183,-17.497761563317763
130.5515094986793,-17.498855157030892
130.5515094986793,-17.498855157030892
130.5515094986793,-17.498855157030892
130.55265588261136,-17.49885489629807
130.55380226650652,-17.49885462898756
130.554948941001,-17.499947688044056
130.55494923164156,-17.501041020988353
130.55494952228563,-17.502134353931467
130.5549498129332,-17.503227686872584
130.5549498129332,-17.503227686872584
130.55609652188937,-17.504320739251714
130.55609681944148,-17.505414072167806
130.55609711699714,-17.506507405079518
130.55609711699714,-17.506507405079518
130.55724385351473,-17.507600450789674
130.55724385351473,-17.507600450789674
130.55839060379097,-17.508693489874027
130.55839060379097,-17.508693489874027
130.55953704956517,-17.508693189495286
130.56068349529696,-17.50869288253492
130.56182994098555,-17.50869256899293
130.56182994098555,-17.50869256899293
130.56182960893383,-17.50759923619224
130.56297570873502,-17.50650558330454
130.5641221405388,-17.506505256642757
130.5652685722966,-17.50650492340023
130.5664150040074,-17.506504583576955
130.56756143567034,-17.506504237172933
130.56870786728453,-17.506503884188177
130.569854298849,-17.50650352462267
130.57100073036287,-17.506503158476434
130.5721471618252,-17.50650278574945
130.5732935932351,-17.506502406441733
130.5744400245916,-17.506502020553278
130.57558687071378,-17.507594960606397
130.5755872855387,-17.50868829312273
130.5744412483731,-17.5097820181798
130.57329479632327,-17.509782404145252
130.5721483442201,-17.509782783528653
130.5721483442201,-17.509782783528653
130.5721483442201,-17.509782783528653
130.57329479632327,-17.509782404145252
130.57444165631006,-17.510875350707906
130.57444206425194,-17.511968683227657
130.57444247219874,-17.51306201573825
130.57444288015046,-17.514155348238898
130.57329680156678,-17.51524906682258
130.57329680156678,-17.51524906682258
130.57329680156678,-17.51524906682258
130.57444328810706,-17.51524868072879
130.57559018945292,-17.516341620503027
130.57559060431782,-17.51743495294294
130.57559101918764,-17.5185282853697
130.57444491998262,-17.51962201056498
130.57444491998262,-17.51962201056498
130.5744453279638,-17.5207153429892
130.57444573594987,-17.521808675397892
130.57444614394086,-17.522902007790265
130.5733000102074,-17.52399572646463
130.57215346842463,-17.523996106176007
130.57215346842463,-17.523996106176007
130.57215346842463,-17.523996106176007
130.57330041130916,-17.52508905884763
130.57215425683492,-17.52618277097376
130.5710077012016,-17.526183144146987
130.5698611455167,-17.526183510731574
130.56871458978122,-17.526183870727557
130.56756803399597,-17.526184224134912
130.56756803399597,-17.526184224134912
130.56642183787832,-17.527277903443252
130.56527527509726,-17.527278243695974
130.56412871226922,-17.527278577359628
130.5629821493951,-17.527278904434226
130.56183558647592,-17.527279224919763
130.5606890235125,-17.52727953881623
130.5606890235125,-17.52727953881623
130.56068934873687,-17.528372871394165
130.55954309715983,-17.52946651129923
130.55954309715983,-17.52946651129923
130.5595434154926,-17.53055984385458
130.5595437338292,-17.531653176387238
130.5583974546234,-17.532746809714634
130.5583974546234,-17.532746809714634
130.55839776606794,-17.533840142219496
130.55839776606794,-17.533840142219496
130.55954437051386,-17.5338398413813
130.5606913001653,-17.53493286639082
130.56069162541706,-17.536026198804343
130.55954532556964,-17.537119838682326
130.55839870042416,-17.53712013958045
130.55725207523722,-17.537120433885573
130.55610545000974,-17.537120721597688
130.55610545000974,-17.537120721597688
130.55495911550216,-17.53821433517387
130.55381248329633,-17.53821460971818
130.5526658510527,-17.538214877669045
130.5526658510527,-17.538214877669045
130.5515194888349,-17.539308471508637
130.5503728496184,-17.539308726289523
130.54922621036684,-17.53930897447652
130.5480795710812,-17.539309216069626
130.5480795710812,-17.539309216069626
130.54693317422752,-17.54040278358698
130.5457865279762,-17.540403012007467
130.5446398816935,-17.540403233833622
130.5446398816935,-17.540403233833622
130.54464011036106,-17.54149656635179
130.54349367891763,-17.542590114099703
130.54234701877434,-17.54259032276488
130.54234701877434,-17.54259032276488
130.54234723364652,-17.543683655249087
130.54234744852133,-17.54477698770106
130.54234744852133,-17.54477698770106
130.5434943442435,-17.545870111413223
130.5423478782786,-17.546963652505042
130.5423478782786,-17.546963652505042
130.54120139848624,-17.54805718699255
130.54005470378362,-17.54805738253218
130.53890800905427,-17.54805757147442
130.53776131429905,-17.548057753819275
130.5366146195189,-17.548057929566724
130.53546792471474,-17.54805809871676
130.5343212298875,-17.548058261269425
130.53317453503809,-17.548058417224663
130.53202784016742,-17.548058566582533
130.53088099940163,-17.546965376878116
130.53088099940163,-17.546965376878116
130.52973431139196,-17.5469655130321
130.52858762336382,-17.54696564258916
130.52744093531805,-17.54696576554923
130.52629424725566,-17.54696588191235
130.52514755917753,-17.546965991678523
130.52400087108458,-17.5469660948477
130.5228541829777,-17.546966191419916
130.52170749485785,-17.54696628139517
130.52056072295917,-17.545873032208434
130.52056063919343,-17.544779699609553
130.52056063919343,-17.544779699609553
130.51941396485165,-17.54477977638067
130.51826729049967,-17.544779846555688
130.51712061613836,-17.544779910134654
130.51597394176864,-17.544779967117485
130.51482726739147,-17.544780017504266
130.51482726739147,-17.544780017504266
130.51482731665413,-17.545873350124246
130.51482731665413,-17.545873350124246
130.51597399793192,-17.545873299734133
130.51712067920224,-17.545873242747493
130.51826743042952,-17.546966511739132
130.51826750039572,-17.548059844279294
130.51712086839848,-17.549153240379823
130.5159741664258,-17.54915329737781
130.51482746444566,-17.549153347777953
130.51482746444566,-17.549153347777953
130.51482751371069,-17.550246680257793
130.51368084718766,-17.55134005650874
130.51368084718766,-17.55134005650874
130.51368088955275,-17.552433388916633
130.51368088955275,-17.552433388916633
130.51482766150934,-17.553526677472014
130.51482766150934,-17.553526677472014
130.51597439109378,-17.553526627058503
130.5171211837407,-17.55461990236525
130.51712124681143,-17.55571323464491
130.51597455960186,-17.556806623907978
130.51597455960186,-17.556806623907978
130.51597461577256,-17.557899956108617
130.5148279078523,-17.55899333869687
130.5148279078523,-17.55899333869687
130.5148279078523,-17.55899333869687
130.51597467194395,-17.55899328826663
130.51712143602813,-17.55899323123463
130.51826820010393,-17.558993167600843
130.5194149641704,-17.558993097365274
130.52056172822662,-17.558993020527907
130.52170849227173,-17.558992937088767
130.52285535388697,-17.560086179133247
130.52285535388697,-17.560086179133247
130.52400212480867,-17.56008608248413
130.52514889571648,-17.560085979232785
130.5262957848982,-17.56117920139989
130.5262957848982,-17.56117920139989
130.5274425626772,-17.561179084936416
130.52858934043954,-17.56117896187026
130.5297361181843,-17.561178832201467
130.53088304180815,-17.56227202787217
130.5308831877075,-17.56336535976856
130.5308831877075,-17.56336535976856
130.53202997921812,-17.563365216875503
130.5331769304136,-17.564458399209354
130.53317709012066,-17.565551730992397
130.53317709012066,-17.565551730992397
130.534324062005,-17.566644906596117
130.534324062005,-17.566644906596117
130.53547104767364,-17.56773807552491
130.5354712211912,-17.568831407139925
130.53547139471084,-17.569924738704398
130.53547156823257,-17.571018070217498
130.5354717417564,-17.572111401678452
130.5354719152823,-17.573204733086445
130.53432522833947,-17.5742982272522
130.53432522833947,-17.5742982272522
130.53432522833947,-17.5742982272522
130.5354722623404,-17.57539139574046
130.53432556159595,-17.576484889817895
130.53432556159595,-17.576484889817895
130.5331788470254,-17.577578377251545
130.5331788470254,-17.577578377251545
130.53203211862936,-17.578671858039336
130.53203211862936,-17.578671858039336
130.53088537640855,-17.579765332179115
130.5870657661329,-17.540390634449807
130.58591912155768,-17.540391093671186
130.58477247691897,-17.54039154629827
130.58362583221765,-17.54039199233107
130.58247918745468,-17.54039243176957
130.5813320931604,-17.539299532754026
130.58133164369525,-17.53820620086522
130.58133164369525,-17.53820620086522
130.5801845700522,-17.537113295113173
130.5801845700522,-17.537113295113173
130.5790375101555,-17.53602038268453
130.5790375101555,-17.53602038268453
130.5778904640058,-17.534927463581397
130.57789003526153,-17.533834131500736
130.57903620322347,-17.532740386525603
130.57903620322347,-17.532740386525603
130.57903576758994,-17.531647054422997
130.57903533196165,-17.530553722296908
130.5790348963386,-17.52946039014812
130.58018102976598,-17.528366638628228
130.58132759875227,-17.52836621268953
130.58247416767873,-17.52836578016136
130.58362073654447,-17.528365341043706
130.58476730534858,-17.52836489533658
130.58591387409007,-17.52836444303997
130.5870604427681,-17.528363984153895
130.58820750219417,-17.529456850613922
130.58820750219417,-17.529456850613922
130.58935457535958,-17.530549710399878
130.5893550730833,-17.531643042259507
130.5893550730833,-17.531643042259507
130.59050216689292,-17.53273589531398
130.59050216689292,-17.53273589531398
130.59164927444067,-17.53382874168894
130.59164978598187,-17.5349220734117
130.59050368081736,-17.536015890578174
130.59050368081736,-17.536015890578174
130.590504185471,-17.537109222280613
130.58935805955173,-17.53820303289624
130.58935805955173,-17.53820303289624
130.58821191977214,-17.539296836953337
130.58821191977214,-17.539296836953337
130.5870657661329,-17.540390634449807
130.48960135396354,-17.534939462564935
130.48960135396354,-17.534939462564935
130.48960135396354,-17.534939462564935
130.48845474176971,-17.534939361302076
130.48845474176971,-17.534939361302076
130.48845474176971,-17.534939361302076
130.48960135396354,-17.534939462564935
130.52284589387614,-17.454032882213422
130.52169979201918,-17.454032971681283
130.52055369015017,-17.454033054589324
130.51940758827004,-17.454033130937624
130.51826148637969,-17.454033200726183
130.51711538448004,-17.454033263954962
130.51596922646547,-17.45293998800756
130.51596922646547,-17.45293998800756
130.51482313144362,-17.45294003811347
130.51367703641523,-17.452940081660053
130.5125309413812,-17.452940118647287
130.51138484634245,-17.45294014907521
130.51023872966186,-17.451846840348924
130.51138478927956,-17.450753483923204
130.51253087053126,-17.450753453499356
130.51367695177825,-17.450753416517053
130.5148230330196,-17.450753372976283
130.51596911425443,-17.450753322877038
130.51711519548178,-17.450753266219387
130.51826127670074,-17.450753203003256
130.5194073579104,-17.45075313322868
130.52055343910985,-17.450753056895664
130.52169952029817,-17.4507529740042
130.52284560147444,-17.450752884554262
130.52399178699727,-17.451846121058164
130.52399189135807,-17.452939453605083
130.52284589387614,-17.454032882213422
130.50680045850004,-17.444193545431627
130.50565441859766,-17.44419354306417
130.50450837869607,-17.444193534140894
130.5033623387962,-17.444193518661805
130.50221629889893,-17.444193496626866
130.50107025900522,-17.444193468036126
130.49992425951606,-17.443100100599402
130.50107032601923,-17.44200680349214
130.50221635212722,-17.442006832079077
130.50221635212722,-17.442006832079077
130.50336239795973,-17.440913521897993
130.50450841718117,-17.44091353737398
130.5056544364043,-17.4409135462955
130.5068004565855,-17.442006880877305
130.5068004565855,-17.442006880877305
130.50794649055211,-17.443100208945843
130.50680045850004,-17.444193545431627
130.52742855070042,-17.438725806289245
130.52628254540429,-17.438725921888032
130.52513654009243,-17.438726030933214
130.52399053476577,-17.438726133424748
130.52284452942524,-17.43872622936264
130.52169852407175,-17.438726318746895
130.5205525187062,-17.438726401577508
130.51940651332956,-17.438726477854495
130.51826050794264,-17.438726547577865
130.5171144395569,-17.437633278681194
130.5171144395569,-17.437633278681194
130.5159683849484,-17.436540003268313
130.51596832885267,-17.43544667128893
130.51596832885267,-17.43544667128893
130.514822294915,-17.43435338940521
130.51482224571276,-17.433260057516435
130.51482219651112,-17.43216672567586
130.51596810447646,-17.431073343845178
130.51596810447646,-17.431073343845178
130.51596804838408,-17.429980012106668
130.5171139356676,-17.428886623836675
130.5171139356676,-17.428886623836675
130.51711387268483,-17.427793292203877
130.5182597392863,-17.4266998974999
130.5182597392863,-17.4266998974999
130.5182597392863,-17.4266998974999
130.5171137467216,-17.425606629095494
130.5182595995415,-17.424513234506698
130.51940551533258,-17.424513164843862
130.51940551533258,-17.424513164843862
130.5205513474595,-17.423419757227656
130.52169725633783,-17.423419674474466
130.52169725633783,-17.423419674474466
130.52284306776855,-17.422326253835173
130.52398896973057,-17.422326157993382
130.5251348716787,-17.422326055604536
130.52628077361203,-17.42232594666859
130.5274268005305,-17.42341916249593
130.5274268005305,-17.42341916249593
130.52857270932282,-17.423419040457688
130.52971875688277,-17.424512243220896
130.52971875688277,-17.424512243220896
130.53086481820878,-17.42560543947306
130.53086496388886,-17.426698770921256
130.53086496388886,-17.426698770921256
130.53201104587373,-17.427791960703775
130.53201119844906,-17.42888529224761
130.5320113510262,-17.42997862384278
130.5320115036052,-17.431071955488548
130.532011656186,-17.43216528718407
130.53086583800612,-17.433258760694542
130.53086583800612,-17.433258760694542
130.53086598369845,-17.434352092496663
130.53086612939256,-17.435445424346174
130.52972028362979,-17.436538891483934
130.5285742921527,-17.436539020172805
130.5285742921527,-17.436539020172805
130.5285744240655,-17.437632352132294
130.52742855070042,-17.438725806289245
